loan_id,applicant_income,loan_amount,loan_term,credit_score,employment_years,loan_purpose,interest_rate,previous_defaults,loan_status
LN0001,17795,22771,48,640,0,education,11.47,3,0
LN0002,2860,34975,24,682,4,car,6.69,3,0
LN0003,7390,24063,36,832,21,education,5.91,4,0
LN0004,13964,7106,36,599,5,business,3.88,1,1
LN0005,13284,29557,48,438,28,education,11.93,4,1
LN0006,8265,25607,60,658,20,education,11.53,0,0
LN0007,18850,42599,48,798,2,car,5.81,3,0
LN0008,6426,33529,24,684,14,business,11.99,2,0
LN0009,16423,40954,48,579,4,home,14.01,0,0
LN0010,13363,32856,12,782,27,home,4.3,0,0
LN0011,18023,7573,24,410,23,medical,5.79,4,0
LN0012,10322,17808,24,438,13,education,12.0,1,0
LN0013,3685,40367,60,734,17,medical,6.29,3,0
LN0014,2769,41801,36,808,15,car,10.5,2,0
LN0015,4433,46196,24,572,5,home,3.97,0,0
LN0016,7311,39072,36,398,24,education,8.43,2,0
LN0017,7051,28752,48,403,23,car,11.87,1,1
LN0018,8420,22685,12,513,13,car,11.24,1,1
LN0019,19568,46401,60,464,26,education,12.78,2,0
LN0020,8396,16372,36,819,23,car,13.53,3,0
LN0021,10666,13996,24,583,7,education,12.28,1,1
LN0022,4747,21458,36,816,28,education,11.06,2,1
LN0023,2189,36889,24,463,6,business,3.38,0,0
LN0024,5005,31665,36,363,7,medical,9.42,2,0
LN0025,3899,43243,24,390,12,car,3.45,2,0
LN0026,3267,36653,48,416,5,car,12.7,4,0
LN0027,19912,31657,24,566,17,business,6.85,1,0
LN0028,13394,44952,24,439,1,business,9.75,3,0
LN0029,5556,27180,12,545,7,business,6.35,3,0
LN0030,5890,36896,24,694,10,home,12.39,4,0
LN0031,10838,17875,12,786,0,home,13.64,3,0
LN0032,16502,6622,60,775,21,home,7.78,2,0
LN0033,12627,45809,12,816,28,education,13.36,4,0
LN0034,10792,21725,48,483,5,car,6.2,0,0
LN0035,12555,45760,12,319,15,medical,9.42,1,0
LN0036,12253,20646,60,823,26,education,13.31,1,1
LN0037,10433,22029,48,828,19,car,6.91,1,0
LN0038,12233,34402,36,446,11,car,14.45,2,1
LN0039,13016,9263,36,603,10,business,4.46,0,1
LN0040,4612,35987,12,527,28,business,3.22,4,0
LN0041,17787,13646,12,401,26,education,13.85,4,0
LN0042,19159,32529,60,716,28,business,3.82,1,0
LN0043,14206,16664,60,515,9,car,14.9,0,1
LN0044,10226,40737,24,706,2,business,14.42,0,1
LN0045,16541,40796,60,698,12,home,4.64,0,1
LN0046,5152,29027,24,798,26,business,9.45,3,0
LN0047,3585,34373,48,764,2,car,5.22,3,0
LN0048,5943,41397,12,381,14,education,8.14,1,0
LN0049,3021,25609,48,664,15,medical,3.74,0,0
LN0050,13653,40835,60,462,28,business,5.69,0,0
LN0051,12805,43709,48,347,12,car,7.36,4,0
LN0052,15417,24250,48,810,16,medical,8.26,4,1
LN0053,9989,26172,48,628,2,medical,14.73,1,0
LN0054,11692,16555,60,415,19,home,12.69,0,0
LN0055,14990,26874,48,636,10,medical,11.85,1,0
LN0056,8873,18081,24,446,26,car,9.44,4,1
LN0057,7675,29063,60,622,20,car,13.08,4,1
LN0058,2161,11819,48,742,18,business,7.07,3,0
LN0059,6297,30712,60,312,21,business,11.51,1,0
LN0060,2995,29762,36,793,10,business,14.93,1,0
LN0061,13534,16046,24,586,29,medical,6.78,0,1
LN0062,9629,36463,48,413,27,medical,11.09,0,0
LN0063,3016,33769,36,779,15,home,13.13,3,0
LN0064,10529,28150,36,321,20,business,13.99,2,0
LN0065,19262,7711,60,648,2,education,11.62,2,0
LN0066,11268,9853,36,619,21,home,6.4,2,1
LN0067,14185,34077,24,425,5,education,6.92,1,0
LN0068,8331,28863,24,576,13,medical,3.25,1,0
LN0069,10571,26792,12,503,23,home,12.13,4,0
LN0070,9208,45483,24,493,17,home,3.51,1,0
LN0071,7276,13942,36,846,16,car,13.38,1,1
LN0072,18448,6762,24,585,3,medical,4.42,1,0
LN0073,18216,36987,60,356,22,medical,5.06,3,1
LN0074,10006,20850,12,602,14,home,8.72,1,1
LN0075,4568,17112,36,462,10,medical,11.85,0,0
LN0076,4027,29058,12,318,25,home,4.67,0,0
LN0077,4695,43890,36,669,2,car,8.28,4,0
LN0078,17422,5481,60,563,2,home,8.79,3,1
LN0079,7258,37921,12,412,15,medical,5.55,0,0
LN0080,8736,45385,48,787,4,medical,4.39,3,0
LN0081,2391,6524,36,626,20,home,13.04,3,0
LN0082,15986,39888,48,841,28,home,9.03,4,1
LN0083,14666,20048,12,364,9,home,3.17,3,0
LN0084,7892,40111,48,591,18,business,12.64,1,0
LN0085,5561,42904,48,324,24,medical,14.77,3,0
LN0086,8184,39008,12,848,3,medical,10.27,4,0
LN0087,10392,5060,60,300,28,business,9.04,4,1
LN0088,15067,14130,48,848,28,home,13.54,4,0
LN0089,17265,23023,48,440,18,car,14.43,0,1
LN0090,4454,18350,60,487,10,home,12.05,1,0
LN0091,13837,29354,48,427,1,home,8.35,0,0
LN0092,16039,33145,48,500,9,business,10.11,2,0
LN0093,12965,39020,48,426,28,medical,11.41,1,0
LN0094,11762,25587,24,556,10,home,5.33,3,0
LN0095,7056,46131,60,846,24,medical,8.37,4,0
LN0096,16948,14650,48,493,19,education,12.96,2,0
LN0097,10110,24933,60,403,15,medical,10.86,1,0
LN0098,15773,25581,36,834,18,car,7.93,0,0
LN0099,19412,28393,36,564,22,car,10.96,4,1
LN0100,2502,28051,48,683,23,home,4.42,0,0
LN0101,8910,31212,60,559,10,medical,7.82,1,0
LN0102,14685,9090,60,713,13,home,12.52,1,0
LN0103,2206,11960,60,657,1,business,5.65,2,1
LN0104,19868,40772,24,374,22,car,5.23,3,1
LN0105,17934,26520,36,654,27,home,14.41,0,0
LN0106,19247,41408,60,487,4,business,5.52,2,1
LN0107,10755,33470,60,589,26,home,6.13,4,0
LN0108,14383,25491,24,344,4,medical,14.64,3,0
LN0109,16820,6341,24,382,18,medical,11.82,2,1
LN0110,9574,49623,60,422,20,medical,11.4,0,1
LN0111,8374,29791,12,657,11,medical,13.24,1,0
LN0112,3678,5338,60,827,17,education,4.39,4,1
LN0113,3059,10895,60,365,3,business,11.47,0,0
LN0114,18198,17254,24,674,21,business,9.04,3,1
LN0115,11914,16344,24,461,16,medical,12.95,3,0
LN0116,12817,6750,60,679,9,education,9.1,1,0
LN0117,12921,7421,60,657,19,medical,10.44,1,0
LN0118,11789,44887,60,487,5,education,8.73,4,0
LN0119,18312,10319,24,621,24,medical,8.74,4,0
LN0120,13252,20896,60,749,13,car,12.22,1,0
LN0121,4693,16918,60,773,10,car,10.54,1,0
LN0122,15931,30064,48,312,10,home,10.6,3,0
LN0123,5627,32935,12,483,28,medical,8.4,1,0
LN0124,18157,42641,36,410,17,business,9.37,2,0
LN0125,12173,34711,12,807,26,home,11.95,0,0
LN0126,12230,9806,48,589,22,car,12.91,1,1
LN0127,17707,46360,36,594,21,medical,11.36,4,1
LN0128,13494,17182,60,750,17,home,14.09,2,1
LN0129,3306,27297,48,514,23,medical,12.84,4,0
LN0130,8776,24541,60,326,22,car,9.74,2,1
LN0131,11474,33921,24,530,10,home,11.06,1,0
LN0132,9526,21774,48,620,20,car,14.12,0,0
LN0133,7530,49813,24,532,11,education,10.43,4,0
LN0134,5748,42198,48,736,4,car,12.9,2,1
LN0135,15545,13820,48,832,22,medical,11.27,3,0
LN0136,2663,29070,24,702,8,business,9.62,1,0
LN0137,3998,9232,36,352,26,car,5.9,0,0
LN0138,9994,16122,12,612,24,business,8.11,1,1
LN0139,19879,20023,60,580,8,education,14.61,3,0
LN0140,5304,13007,48,330,21,home,10.89,0,0
LN0141,15808,22905,60,636,9,home,9.77,3,0
LN0142,8585,46786,24,482,21,business,14.2,1,0
LN0143,19675,34398,60,322,18,home,10.04,2,0
LN0144,13649,39268,24,843,0,car,9.31,1,0
LN0145,3636,11737,60,745,6,business,12.11,1,1
LN0146,19082,41062,12,373,3,medical,11.55,1,0
LN0147,6737,30510,12,309,0,car,5.32,4,0
LN0148,16555,24426,12,783,14,car,8.66,3,0
LN0149,15877,42265,12,755,7,car,8.67,3,0
LN0150,2854,22850,12,459,11,medical,7.54,3,0
LN0151,7855,5614,12,313,21,education,9.21,4,0
LN0152,9392,26776,24,477,21,home,7.96,2,0
LN0153,15949,29077,48,711,17,business,5.39,1,1
LN0154,7791,14374,60,352,14,education,7.95,2,0
LN0155,6931,40435,12,707,16,business,3.87,4,0
LN0156,2202,35907,24,321,28,home,9.91,3,1
LN0157,13447,18409,24,329,13,medical,13.24,1,0
LN0158,14688,21514,24,559,13,car,11.7,0,1
LN0159,6389,34866,48,504,17,car,7.32,0,0
LN0160,4327,7983,60,358,19,medical,4.04,2,0
LN0161,10004,36705,48,770,17,education,5.43,3,1
LN0162,9777,25662,36,765,15,education,9.55,0,0
LN0163,2197,28510,24,311,0,business,5.48,2,0
LN0164,3930,17651,36,589,22,medical,9.53,4,1
LN0165,13774,45998,12,653,26,education,5.78,2,0
LN0166,17087,33535,12,374,10,medical,13.19,2,0
LN0167,11339,11640,48,740,14,home,7.77,2,0
LN0168,13589,49547,60,540,11,car,5.95,1,1
LN0169,17708,20317,36,453,7,car,12.75,2,1
LN0170,19043,12564,60,395,21,car,7.11,2,0
LN0171,4811,32345,48,593,19,medical,4.34,1,0
LN0172,16243,33687,12,508,29,medical,9.84,1,1
LN0173,8546,18737,60,642,5,business,9.98,4,0
LN0174,3986,14323,60,387,2,car,11.58,3,0
LN0175,10338,20229,12,689,27,business,5.88,0,1
LN0176,13411,49481,36,624,23,car,8.33,0,1
LN0177,4911,13502,12,456,25,business,6.39,2,1
LN0178,3734,5545,60,436,29,business,3.97,4,0
LN0179,10680,42114,36,727,12,home,13.52,2,0
LN0180,7759,34430,36,751,12,business,11.75,0,0
LN0181,4385,14996,12,440,1,medical,6.62,1,0
LN0182,13111,32788,60,382,4,business,10.19,3,0
LN0183,6736,34969,48,476,16,car,5.42,4,1
LN0184,3802,18919,60,497,5,business,13.68,1,0
LN0185,10155,8810,24,720,1,education,4.38,3,1
LN0186,10120,35586,48,700,3,car,3.05,4,0
LN0187,8616,44974,36,770,21,education,9.02,4,0
LN0188,16257,46773,48,517,25,car,10.0,0,0
LN0189,16486,21371,36,474,10,medical,9.95,1,0
LN0190,18646,34629,36,322,7,medical,3.65,4,0
LN0191,16075,13436,48,534,11,medical,6.77,4,1
LN0192,11208,17984,36,312,7,education,8.99,3,1
LN0193,18371,38039,36,400,10,home,5.6,0,0
LN0194,13835,24895,24,835,21,car,13.47,2,0
LN0195,15168,23155,60,822,19,medical,4.05,0,1
LN0196,4049,15616,60,751,7,car,8.85,2,0
LN0197,7423,42129,24,730,28,education,11.3,1,0
LN0198,16589,44837,48,832,7,home,6.14,1,0
LN0199,9158,29574,12,592,25,education,10.49,4,1
LN0200,12248,8430,12,400,29,car,12.95,1,0
LN0201,9400,17676,12,801,16,home,5.28,4,0
LN0202,11874,15816,24,603,19,home,14.01,0,1
LN0203,17151,37733,24,839,19,education,9.64,1,0
LN0204,3154,25144,36,654,22,medical,6.59,0,0
LN0205,6499,7050,12,602,15,car,8.17,0,0
LN0206,8295,49460,48,795,13,business,6.75,1,1
LN0207,14183,38933,48,526,29,business,11.7,0,0
LN0208,14874,29951,12,535,10,education,12.56,1,1
LN0209,7539,37413,12,754,6,car,13.0,1,0
LN0210,11637,39801,12,312,15,car,14.83,1,0
LN0211,17586,37913,24,509,12,education,12.5,2,1
LN0212,4557,45600,24,696,26,car,10.22,0,0
LN0213,7592,30280,24,399,14,medical,7.07,3,0
LN0214,18482,29557,60,330,23,education,9.54,1,0
LN0215,4200,40400,48,827,15,medical,3.49,0,0
LN0216,16172,9494,48,628,26,car,11.94,4,0
LN0217,4961,20152,36,465,20,education,8.35,1,0
LN0218,16207,28895,24,758,22,car,3.24,1,0
LN0219,13969,14155,60,399,23,education,3.75,3,1
LN0220,4869,36883,60,472,8,car,7.65,2,0
LN0221,19340,48194,48,461,2,medical,10.0,2,1
LN0222,15992,48001,24,562,18,medical,8.57,1,0
LN0223,7699,6828,36,573,19,car,10.43,0,0
LN0224,5987,46898,24,302,4,education,8.76,4,0
LN0225,15446,37123,12,327,9,business,10.94,4,0
LN0226,3218,42573,24,625,16,medical,5.63,0,0
LN0227,6735,5806,12,448,14,medical,4.35,1,1
LN0228,13296,45970,12,839,22,business,10.16,4,1
LN0229,6555,34757,36,787,24,car,8.82,2,1
LN0230,11146,39636,48,737,7,education,3.32,0,0
LN0231,10050,19561,24,364,14,car,7.57,3,1
LN0232,14757,29262,12,655,20,home,4.27,1,0
LN0233,19429,19899,24,832,29,medical,9.38,0,0
LN0234,8893,20934,48,551,13,home,7.75,4,1
LN0235,16373,43197,48,534,19,medical,10.36,1,0
LN0236,16565,46844,60,526,27,medical,12.67,2,0
LN0237,5436,41332,48,824,6,home,6.6,1,0
LN0238,10754,39157,36,612,20,home,14.55,1,0
LN0239,12677,16593,12,348,22,car,9.43,2,1
LN0240,7895,45042,60,417,11,home,10.42,2,0
LN0241,18609,22320,36,353,16,car,11.17,1,1
LN0242,17636,32376,24,343,16,car,11.0,2,0
LN0243,9022,48513,12,352,9,car,9.13,0,0
LN0244,11151,19199,48,824,29,medical,8.15,2,0
LN0245,7600,20876,12,401,28,medical,3.65,2,0
LN0246,9996,13245,24,697,18,home,3.27,1,0
LN0247,11007,12214,60,437,13,medical,7.3,0,1
LN0248,14946,5726,60,686,10,home,7.0,3,1
LN0249,6642,16362,60,410,1,medical,7.65,3,1
LN0250,13312,23297,48,316,17,education,4.66,4,1
LN0251,9679,35448,36,481,6,education,11.86,2,1
LN0252,10208,31172,36,835,11,home,13.28,2,0
LN0253,12716,47874,12,840,25,medical,14.26,0,1
LN0254,19453,12657,48,470,1,medical,8.91,3,0
LN0255,5444,23850,60,708,26,car,11.41,4,0
LN0256,12757,30425,60,677,19,business,13.27,0,0
LN0257,16434,31685,24,487,17,home,8.02,2,0
LN0258,3060,29578,24,529,5,business,6.71,3,0
LN0259,5420,33831,60,418,23,business,14.24,4,1
LN0260,2301,12906,60,455,9,home,9.19,1,0
LN0261,14468,12287,48,764,19,medical,8.97,3,0
LN0262,18990,38660,36,403,14,home,5.14,4,0
LN0263,2699,15222,24,801,4,business,4.3,0,0
LN0264,2190,42443,36,474,19,medical,13.11,1,0
LN0265,12492,39701,48,720,2,education,10.37,4,0
LN0266,19364,22764,60,433,4,home,6.91,4,0
LN0267,4975,49641,36,690,29,home,5.3,2,0
LN0268,8102,22674,60,800,24,medical,9.67,3,1
LN0269,19568,23024,60,332,7,education,10.01,2,1
LN0270,3816,28874,12,354,7,education,5.48,1,0
LN0271,2569,48642,36,818,7,medical,13.22,4,0
LN0272,7442,37284,36,311,11,car,4.01,2,0
LN0273,3895,22602,60,827,23,home,7.27,3,1
LN0274,5863,42784,48,672,22,home,11.16,1,0
LN0275,14913,28265,12,783,7,business,6.29,0,0
LN0276,9455,30931,60,527,10,medical,12.93,2,1
LN0277,6014,33841,24,606,13,business,11.88,1,0
LN0278,13093,34192,24,756,7,business,12.47,0,0
LN0279,5009,47520,12,459,28,education,4.43,2,0
LN0280,18538,20585,48,630,29,home,4.69,1,1
LN0281,12729,30559,60,524,23,business,6.44,1,1
LN0282,3409,45059,36,803,27,education,9.22,2,1
LN0283,14249,38742,12,755,9,medical,11.98,1,0
LN0284,2784,9133,48,344,6,business,13.04,4,0
LN0285,10096,19663,36,513,27,home,11.45,2,1
LN0286,9560,26754,24,358,16,business,14.14,1,1
LN0287,14533,8972,24,494,3,medical,11.86,0,0
LN0288,9343,10295,36,788,28,business,6.68,0,1
LN0289,9206,46873,12,456,12,home,6.18,4,0
LN0290,7801,34125,24,525,3,education,11.35,2,0
LN0291,18921,45996,60,711,4,home,5.31,1,0
LN0292,7986,14903,36,504,25,education,4.11,1,0
LN0293,12647,8020,36,378,21,car,9.39,0,1
LN0294,10716,46755,24,423,3,home,12.86,4,0
LN0295,14323,25420,12,770,17,home,4.22,0,0
LN0296,6780,26452,60,517,5,medical,12.5,0,1
LN0297,4368,43001,12,815,23,business,12.74,4,1
LN0298,14039,14516,48,403,23,education,8.79,2,0
LN0299,8655,7396,48,692,22,education,3.69,1,0
LN0300,10173,23546,24,733,21,medical,5.1,2,0
LN0301,6495,24129,24,630,1,medical,11.49,3,0
LN0302,12893,6591,24,442,22,business,11.54,3,1
LN0303,15403,16303,48,839,10,business,13.78,3,1
LN0304,15121,35561,12,577,27,home,9.99,4,0
LN0305,12966,11183,12,532,13,car,4.49,0,0
LN0306,2853,31572,24,828,29,business,4.46,2,0
LN0307,18958,39080,60,389,4,medical,11.65,1,1
LN0308,19532,25695,12,791,5,business,5.21,3,0
LN0309,11907,12314,48,498,9,education,6.94,2,0
LN0310,6777,24623,36,661,7,car,8.85,3,0
LN0311,17338,7139,36,740,13,home,3.3,3,0
LN0312,4491,36290,36,325,23,education,5.99,1,0
LN0313,17328,23088,60,324,2,education,7.89,4,0
LN0314,16599,44692,24,693,11,car,6.36,0,1
LN0315,5051,38130,48,806,15,home,4.64,4,1
LN0316,17979,37088,60,600,27,medical,11.74,2,1
LN0317,18388,31292,48,638,29,home,12.76,4,0
LN0318,2876,25670,48,566,22,business,6.09,2,0
LN0319,6142,8738,24,760,16,education,12.29,2,0
LN0320,17202,7469,36,755,0,business,7.63,0,0
LN0321,8966,27534,24,659,22,medical,9.08,1,1
LN0322,9079,14017,60,367,9,business,13.27,0,0
LN0323,9987,7808,60,711,24,home,12.0,4,0
LN0324,8799,17713,60,790,22,business,12.66,2,1
LN0325,6465,45329,24,348,9,medical,4.64,3,1
LN0326,19019,7719,48,401,20,medical,3.84,3,0
LN0327,15417,27890,48,515,23,medical,13.72,2,0
LN0328,10311,16700,12,737,1,home,7.65,0,0
LN0329,19214,41509,60,458,8,medical,6.45,1,0
LN0330,16098,47534,48,788,21,education,11.7,0,0
LN0331,7177,41766,12,541,12,medical,13.04,2,0
LN0332,16262,31705,48,304,24,business,13.35,2,1
LN0333,10308,23787,60,660,15,business,6.79,1,0
LN0334,7949,31588,36,758,17,business,13.23,4,0
LN0335,3150,31123,60,547,18,home,3.49,4,0
LN0336,3931,38062,24,721,11,business,3.6,1,0
LN0337,11204,15177,48,314,7,home,10.48,4,1
LN0338,3081,26727,48,421,16,home,3.76,3,0
LN0339,18896,35220,24,576,14,medical,6.9,4,0
LN0340,15407,14882,24,752,9,education,11.07,4,0
LN0341,9805,6136,36,689,14,medical,7.05,4,1
LN0342,7237,39832,48,593,14,medical,5.16,3,0
LN0343,18943,36966,48,745,22,home,6.38,4,1
LN0344,14775,12009,36,509,6,home,8.49,3,0
LN0345,18244,17987,12,601,12,business,8.7,1,0
LN0346,15184,42311,36,522,16,business,12.4,0,0
LN0347,5343,36575,60,302,8,medical,12.0,1,1
LN0348,15500,6007,48,817,7,car,8.48,0,1
LN0349,11662,10445,24,392,19,car,13.15,1,0
LN0350,18964,15706,60,819,25,business,4.37,0,0
LN0351,17125,49486,48,727,26,car,6.06,0,0
LN0352,10130,34257,36,792,20,business,12.94,2,0
LN0353,3679,26736,60,534,17,home,7.54,0,0
LN0354,5506,47207,48,460,12,medical,14.77,0,1
LN0355,15284,18281,12,630,15,education,8.6,2,1
LN0356,9253,6435,12,632,8,medical,12.5,4,0
LN0357,11435,38339,24,349,11,business,7.83,4,0
LN0358,13310,40150,48,822,11,business,8.1,2,1
LN0359,15296,30821,12,791,5,medical,7.59,3,1
LN0360,15245,31660,36,571,18,business,11.63,0,0
LN0361,13151,10084,48,551,27,car,9.57,0,0
LN0362,12457,21661,36,389,6,car,14.33,2,0
LN0363,4479,18507,36,745,24,business,6.01,2,0
LN0364,6452,12059,12,631,2,business,4.21,3,0
LN0365,7881,23271,48,438,15,car,7.72,4,0
LN0366,16069,12491,60,656,17,business,10.4,1,0
LN0367,4849,19859,12,573,15,business,13.33,4,0
LN0368,9390,13073,12,318,22,medical,7.15,0,0
LN0369,13922,14077,48,610,6,education,10.85,2,0
LN0370,4489,25953,48,453,3,car,7.2,3,1
LN0371,11823,16383,36,689,26,medical,10.41,4,1
LN0372,11207,7353,48,559,24,education,13.62,3,0
LN0373,11540,28821,36,424,29,business,5.78,4,0
LN0374,18364,42567,12,653,7,business,7.85,0,1
LN0375,6611,29860,24,572,12,medical,14.92,1,0
LN0376,7878,26195,60,544,12,business,13.42,3,0
LN0377,18347,16939,12,749,16,home,9.78,3,0
LN0378,2851,30338,48,546,16,medical,9.2,1,0
LN0379,8833,26730,60,819,4,education,6.42,3,0
LN0380,13938,26427,24,440,5,medical,9.21,3,1
LN0381,4427,40196,24,661,18,car,13.18,4,0
LN0382,6000,32083,36,307,12,medical,11.22,4,0
LN0383,7052,26510,60,777,24,business,6.48,1,1
LN0384,4738,49064,36,651,27,business,5.42,0,0
LN0385,7387,12813,12,794,25,home,6.18,3,0
LN0386,10002,36598,60,726,13,home,5.04,0,0
LN0387,7536,32570,12,338,21,home,4.15,1,0
LN0388,15479,32082,36,486,3,education,8.03,1,0
LN0389,5913,34241,60,392,27,home,4.36,4,0
LN0390,19450,35678,36,385,6,education,5.06,3,0
LN0391,12636,49569,60,343,7,home,9.57,2,0
LN0392,7726,16745,36,436,24,education,4.98,1,0
LN0393,5373,31029,24,720,12,medical,3.77,3,0
LN0394,14161,18025,36,373,26,medical,6.81,0,0
LN0395,4082,41124,24,847,5,business,5.64,4,0
LN0396,18281,19288,36,811,5,education,9.18,0,0
LN0397,17305,28650,60,455,23,car,4.23,1,1
LN0398,11817,11540,60,554,27,business,12.02,1,0
LN0399,13261,37232,60,470,20,medical,13.87,0,0
LN0400,2417,21422,48,469,29,education,11.92,1,1
LN0401,10808,8342,12,621,2,home,9.39,3,0
LN0402,5267,46846,60,755,27,car,13.33,1,0
LN0403,19209,40612,24,454,2,medical,11.34,4,1
LN0404,7745,15396,60,648,12,business,3.13,3,1
LN0405,13338,22482,48,750,21,education,7.73,2,0
LN0406,2412,28411,24,472,1,car,13.21,1,0
LN0407,9543,18261,48,309,15,education,7.15,1,0
LN0408,9587,8093,24,564,21,home,3.42,4,1
LN0409,2728,16722,36,737,28,business,11.95,4,0
LN0410,13657,27042,12,546,5,education,12.62,0,0
LN0411,7988,49413,12,845,7,medical,4.93,0,1
LN0412,4967,33087,48,798,22,business,9.45,0,0
LN0413,16527,37347,12,428,7,medical,5.3,4,1
LN0414,18048,38756,48,626,29,education,11.63,0,0
LN0415,19506,44214,48,703,24,business,6.26,0,0
LN0416,19955,21335,48,658,5,medical,6.79,2,0
LN0417,7073,33602,12,316,13,home,13.14,0,1
LN0418,7104,39450,48,573,2,home,8.72,1,0
LN0419,4143,37196,12,415,9,education,11.04,4,0
LN0420,9357,10626,48,390,2,business,7.83,3,0
LN0421,14043,12424,60,381,26,car,6.58,2,1
LN0422,5440,17857,48,623,11,business,10.51,4,1
LN0423,7644,49923,24,413,16,home,4.86,4,0
LN0424,12518,24982,48,357,26,medical,7.48,1,0
LN0425,16552,16425,36,453,28,car,5.51,0,1
LN0426,4914,6980,48,703,4,education,11.35,1,0
LN0427,15584,31431,24,565,29,car,14.33,0,0
LN0428,14144,24440,24,614,19,education,14.95,0,0
LN0429,16397,46752,12,340,24,car,8.4,4,1
LN0430,10787,22175,60,404,8,education,6.03,0,0
LN0431,16191,31385,48,492,29,education,8.31,2,0
LN0432,2728,43158,12,700,20,car,13.17,2,0
LN0433,19749,28019,60,577,25,car,5.47,2,0
LN0434,2698,23639,48,653,19,education,14.43,4,0
LN0435,9186,24994,36,555,6,home,7.1,1,0
LN0436,16512,39375,48,398,21,car,14.83,3,0
LN0437,15923,26563,24,581,3,business,13.06,0,0
LN0438,18779,44341,24,702,12,medical,12.7,3,0
LN0439,9400,10776,36,408,12,education,6.81,1,1
LN0440,6171,41444,12,498,9,education,3.11,1,1
LN0441,6360,8380,60,602,17,medical,7.59,4,1
LN0442,4502,13711,48,626,16,home,6.62,2,0
LN0443,19101,13782,24,453,19,medical,3.45,2,0
LN0444,7486,22434,12,704,19,car,9.06,1,0
LN0445,10335,25017,36,761,12,medical,7.84,4,1
LN0446,6491,35707,24,431,16,education,10.61,4,1
LN0447,13130,44110,36,383,21,medical,10.45,0,1
LN0448,9651,22343,48,698,3,business,4.45,2,0
LN0449,3167,43827,60,408,0,car,14.72,1,0
LN0450,3062,46652,24,520,0,medical,5.24,3,0
LN0451,13174,10655,24,667,14,education,8.34,2,0
LN0452,6729,49859,48,446,12,car,8.86,0,0
LN0453,11348,20251,12,411,16,education,12.76,4,1
LN0454,7334,5526,60,793,23,home,4.19,1,0
LN0455,10924,8224,24,804,25,business,8.14,2,0
LN0456,6330,16536,60,774,7,home,10.54,3,0
LN0457,8801,33541,24,570,17,business,5.58,0,1
LN0458,6846,18547,60,720,26,medical,10.53,0,0
LN0459,8731,39531,36,666,12,car,14.08,2,0
LN0460,17368,13712,24,579,22,medical,14.97,3,1
LN0461,19337,43565,60,582,13,business,3.39,0,0
LN0462,4539,14208,12,339,7,business,5.83,1,0
LN0463,9056,10109,36,488,7,business,6.72,0,0
LN0464,13516,40201,36,463,26,education,7.79,3,0
LN0465,13493,21967,12,835,25,car,5.91,4,1
LN0466,3542,34759,60,835,14,medical,5.44,4,1
LN0467,15964,25172,48,303,26,medical,14.45,2,0
LN0468,19575,41935,12,589,12,home,14.02,3,0
LN0469,8313,31589,60,732,6,business,3.56,0,0
LN0470,19924,35015,12,770,4,business,7.07,0,0
LN0471,15807,34009,12,480,16,business,7.86,4,0
LN0472,11580,22773,24,547,27,medical,5.87,4,0
LN0473,19749,46125,60,578,24,home,10.55,1,0
LN0474,10691,31143,48,553,28,education,10.68,4,1
LN0475,9494,11154,24,480,15,car,13.21,1,0
LN0476,6312,26804,12,808,22,education,11.89,0,0
LN0477,3324,46688,12,625,1,medical,9.51,1,0
LN0478,5141,25581,12,656,21,business,10.84,1,1
LN0479,3810,35087,60,690,17,car,6.29,2,0
LN0480,8588,37981,60,384,16,medical,10.12,4,0
LN0481,7301,8762,24,616,29,medical,8.87,1,0
LN0482,17485,14768,48,511,6,medical,4.6,0,1
LN0483,13714,48408,24,814,12,car,5.91,3,0
LN0484,6748,44499,36,683,17,car,6.5,1,1
LN0485,11435,43559,12,641,28,home,14.09,4,1
LN0486,5709,13783,12,337,13,home,5.76,2,1
LN0487,15116,34781,12,810,29,education,6.47,0,0
LN0488,11576,35811,24,719,17,car,7.43,2,0
LN0489,12150,40488,24,468,12,car,10.96,3,0
LN0490,8530,13905,12,642,10,car,4.42,1,1
LN0491,12188,14127,24,605,20,home,14.45,1,0
LN0492,16683,27431,60,841,29,medical,13.39,4,0
LN0493,2504,11368,60,836,20,business,9.93,1,0
LN0494,3214,32424,24,411,15,home,11.09,0,0
LN0495,3531,23333,12,710,22,car,3.2,3,0
LN0496,2823,28116,24,505,16,home,7.07,2,0
LN0497,19312,48201,24,484,7,education,12.55,3,0
LN0498,7029,20525,24,681,18,car,3.93,1,1
LN0499,15428,28398,36,795,19,education,6.39,2,0
LN0500,18517,37857,60,678,14,car,10.02,4,0
LN0501,4105,15361,48,346,8,home,6.08,3,0
LN0502,5627,21369,48,827,19,medical,14.21,2,0
LN0503,14972,8041,36,803,9,business,4.57,2,1
LN0504,3852,5105,24,321,11,education,12.57,2,0
LN0505,6910,14078,36,512,20,home,9.1,0,0
LN0506,13003,30003,36,609,22,medical,12.0,3,0
LN0507,15843,11090,12,571,19,home,6.73,2,1
LN0508,13704,43850,60,501,29,education,9.17,3,0
LN0509,17761,6925,48,331,0,business,13.28,2,1
LN0510,8190,23440,24,742,24,home,8.6,4,0
LN0511,19640,44685,48,461,19,car,7.32,4,0
LN0512,7645,31015,48,553,8,medical,9.43,4,0
LN0513,11588,38320,60,820,21,home,11.61,1,1
LN0514,13829,30291,48,779,14,medical,8.32,2,0
LN0515,10053,41679,48,309,0,car,14.27,1,1
LN0516,5330,31289,36,804,11,business,6.54,3,0
LN0517,10662,8389,60,735,2,business,8.71,1,0
LN0518,9114,30683,12,410,10,car,12.08,3,0
LN0519,15323,18629,24,452,1,medical,11.27,3,1
LN0520,3353,29826,48,401,15,home,13.36,3,0
LN0521,12975,40198,24,490,8,car,14.96,1,1
LN0522,13023,31630,12,380,14,education,8.12,2,1
LN0523,2667,38226,24,788,11,medical,4.33,1,1
LN0524,11337,37975,12,387,0,business,3.36,2,0
LN0525,15659,5899,36,493,12,car,11.72,2,0
LN0526,5719,16653,48,403,13,business,13.49,3,1
LN0527,9483,32961,12,395,24,medical,5.65,1,0
LN0528,2539,21405,24,722,24,business,4.9,2,0
LN0529,6964,13601,48,497,7,car,3.75,4,0
LN0530,6835,38662,36,300,7,medical,12.87,2,0
LN0531,8042,38282,48,706,26,education,6.74,4,0
LN0532,16837,26288,12,677,29,car,7.82,1,0
LN0533,9312,34545,36,466,11,home,9.03,1,0
LN0534,7320,41877,24,808,0,car,13.07,1,0
LN0535,15216,20313,36,612,10,medical,10.81,2,0
LN0536,4779,20349,36,717,7,car,10.38,0,0
LN0537,19308,12179,60,776,9,education,5.11,2,0
LN0538,3581,15326,36,372,29,education,9.16,2,0
LN0539,14677,49555,36,440,18,home,11.58,3,0
LN0540,7713,6560,48,561,10,business,14.68,3,0
LN0541,18639,18612,24,639,6,medical,5.42,2,0
LN0542,6804,22650,48,607,10,medical,3.11,4,1
LN0543,12136,31745,48,544,16,business,3.9,3,0
LN0544,2009,36890,12,814,0,education,7.51,2,1
LN0545,7124,25022,48,636,25,education,12.85,0,0
LN0546,3015,9780,60,375,28,car,3.09,4,0
LN0547,4193,23311,60,474,20,home,8.48,1,0
LN0548,10415,33380,12,408,20,home,6.95,2,0
LN0549,15550,49662,24,482,7,home,3.63,2,0
LN0550,16512,7356,24,491,22,car,8.4,4,0
LN0551,6158,9790,48,364,23,home,6.06,3,0
LN0552,8970,31911,48,773,5,business,7.22,3,0
LN0553,8938,29363,48,399,21,car,11.47,3,0
LN0554,15772,25049,24,843,17,business,9.26,1,1
LN0555,12344,15181,36,427,5,car,4.5,4,0
LN0556,9266,44825,60,751,4,home,14.54,4,0
LN0557,10702,21082,36,668,12,business,10.63,3,0
LN0558,2384,5661,36,342,18,business,12.19,3,0
LN0559,2404,42412,24,718,21,business,3.95,0,1
LN0560,10175,7920,36,787,7,car,3.56,0,0
LN0561,17158,30658,12,377,8,medical,3.23,2,0
LN0562,14763,19025,48,569,16,home,5.27,2,1
LN0563,11860,13946,12,614,2,business,7.97,4,0
LN0564,7989,33706,60,467,18,medical,14.23,4,0
LN0565,17106,44004,48,638,10,home,8.48,1,1
LN0566,19844,21309,36,492,23,home,6.48,1,0
LN0567,5636,38120,60,752,16,business,9.74,0,0
LN0568,12916,35027,48,582,20,business,4.34,2,0
LN0569,6809,12005,36,635,18,car,10.31,0,0
LN0570,15456,5956,12,689,1,medical,9.82,0,0
LN0571,17444,39839,48,824,7,medical,12.5,2,1
LN0572,7997,13595,36,539,18,business,14.84,1,0
LN0573,4048,17803,12,782,6,home,6.01,2,1
LN0574,14338,30963,60,757,27,business,9.12,3,1
LN0575,19100,41221,60,388,26,home,13.91,3,0
LN0576,6544,44443,60,394,16,home,12.42,3,0
LN0577,6976,38723,60,751,5,business,8.85,4,0
LN0578,14775,44063,24,727,18,education,14.34,1,1
LN0579,12015,20282,48,450,23,medical,3.69,1,1
LN0580,5419,9703,48,813,5,home,14.17,4,0
LN0581,16430,11563,24,675,27,home,3.61,0,0
LN0582,9239,30849,36,321,1,education,9.57,3,0
LN0583,16489,36860,36,612,5,car,13.69,3,1
LN0584,18633,36585,60,818,22,education,6.15,0,0
LN0585,12357,27015,12,505,4,education,8.67,2,0
LN0586,19154,17003,36,674,18,home,6.89,2,1
LN0587,6363,48585,12,750,19,medical,14.43,1,0
LN0588,12176,31958,48,478,3,education,12.88,4,0
LN0589,19461,31017,12,509,21,car,11.51,1,0
LN0590,10427,16171,48,799,25,business,10.05,2,0
LN0591,10580,17201,24,763,16,education,12.85,0,0
LN0592,6858,34426,24,423,10,education,7.71,1,1
LN0593,12040,22778,60,412,3,car,8.37,3,0
LN0594,17254,47229,36,311,25,medical,11.76,3,0
LN0595,13470,26116,60,425,12,education,7.29,0,0
LN0596,3252,38297,48,630,19,education,3.77,2,0
LN0597,8996,24342,60,582,25,medical,3.89,3,0
LN0598,14173,32490,12,439,16,car,4.38,3,1
LN0599,6673,24975,48,700,8,education,13.44,4,1
LN0600,17781,31723,24,396,3,medical,8.67,1,0
LN0601,15051,28279,36,816,22,education,11.55,2,0
LN0602,8881,17765,48,368,27,business,7.71,1,0
LN0603,8949,16561,48,417,13,home,6.1,2,1
LN0604,11521,46899,12,358,18,business,7.17,3,0
LN0605,10017,5525,36,332,25,education,12.53,4,1
LN0606,8941,27861,24,617,27,car,10.5,1,0
LN0607,12209,38142,48,349,2,home,14.25,3,1
LN0608,19715,31916,48,788,13,business,11.16,2,1
LN0609,11550,49965,12,318,7,medical,9.84,1,1
LN0610,6637,9648,60,496,23,car,10.32,1,0
LN0611,6854,40133,24,749,26,business,14.31,3,0
LN0612,12320,35523,36,751,27,medical,12.46,1,0
LN0613,6892,34052,48,588,0,education,3.29,4,1
LN0614,9043,39414,48,440,9,medical,9.41,4,0
LN0615,18521,37781,24,383,17,business,11.26,3,1
LN0616,6164,9599,60,690,15,business,11.98,2,1
LN0617,9941,40046,48,514,7,education,5.56,3,0
LN0618,16388,40923,24,825,0,medical,13.41,4,1
LN0619,7569,46089,12,514,11,medical,14.47,0,0
LN0620,6300,8814,60,702,7,education,5.84,0,0
LN0621,8269,40984,36,427,23,medical,13.59,1,0
LN0622,5818,31616,48,776,15,education,4.16,1,0
LN0623,14015,7113,24,703,17,car,3.67,0,1
LN0624,14234,48006,12,328,3,business,4.55,4,0
LN0625,8254,18760,36,637,5,car,3.69,1,0
LN0626,19144,26927,24,660,11,home,13.14,3,0
LN0627,9350,25939,24,691,26,home,3.71,3,1
LN0628,17183,37419,36,517,8,home,6.26,4,0
LN0629,8238,17588,12,501,14,education,4.25,1,1
LN0630,8090,41142,12,316,15,medical,6.55,3,0
LN0631,13637,44198,60,621,23,car,4.09,1,0
LN0632,14647,49738,48,817,11,car,11.02,1,0
LN0633,11911,38397,36,624,23,car,4.6,3,0
LN0634,10472,21653,36,711,22,car,13.22,0,1
LN0635,5266,15831,36,617,13,home,12.81,3,0
LN0636,2666,10724,12,381,12,car,3.16,4,1
LN0637,6188,16083,48,773,24,medical,13.75,2,0
LN0638,19055,24816,60,767,1,home,3.35,3,0
LN0639,12161,47240,24,724,2,car,5.88,1,1
LN0640,13314,11276,24,503,25,education,3.39,1,1
LN0641,14891,43663,36,686,23,business,7.03,3,0
LN0642,6777,18994,48,397,29,business,9.17,2,0
LN0643,5900,28499,12,644,21,business,12.56,3,0
LN0644,15716,28040,48,507,9,home,7.06,2,0
LN0645,8981,48320,48,813,8,car,11.47,2,1
LN0646,8376,21959,12,465,25,home,5.25,4,1
LN0647,18907,11099,36,321,19,medical,12.01,1,0
LN0648,12160,47267,48,453,7,education,5.83,1,1
LN0649,16124,24576,24,738,9,education,4.72,2,0
LN0650,18282,40946,12,594,18,business,5.22,1,0
LN0651,12488,11116,60,518,2,business,5.18,0,0
LN0652,7240,20563,36,794,23,business,9.15,2,0
LN0653,12453,31788,12,529,4,car,13.14,1,0
LN0654,12478,31928,60,319,2,medical,3.96,0,0
LN0655,14394,41336,60,447,25,medical,11.48,4,0
LN0656,6432,14847,48,407,26,medical,10.85,1,0
LN0657,15568,31155,48,702,15,medical,13.47,0,1
LN0658,16178,19135,48,782,16,business,5.93,3,0
LN0659,19660,22774,12,666,14,education,8.4,3,0
LN0660,2302,6742,12,713,2,business,14.11,0,1
LN0661,19022,23309,36,608,11,medical,10.92,2,1
LN0662,2055,5619,48,433,8,business,7.67,2,1
LN0663,15013,22658,60,582,20,medical,4.58,1,0
LN0664,10717,39707,24,372,11,home,6.15,3,0
LN0665,10150,25337,36,780,25,education,9.97,2,0
LN0666,4125,21001,12,651,14,home,11.62,2,0
LN0667,13479,5968,36,625,1,car,4.49,3,1
LN0668,17745,30892,36,742,22,business,10.2,4,0
LN0669,18748,30619,36,399,17,car,9.6,2,0
LN0670,8809,5281,36,358,19,business,9.17,0,0
LN0671,6621,32420,24,807,11,home,11.28,1,0
LN0672,17034,20360,48,557,22,medical,13.05,2,1
LN0673,15623,44030,60,712,3,medical,6.88,2,0
LN0674,7126,6058,36,751,22,business,13.67,4,0
LN0675,7122,25677,36,364,15,medical,4.93,0,0
LN0676,19302,15724,36,453,22,home,5.08,1,0
LN0677,7870,33404,48,565,15,medical,6.2,2,0
LN0678,3531,42946,12,378,0,home,4.43,1,0
LN0679,10172,44748,12,614,21,car,5.76,3,0
LN0680,9673,34856,24,547,24,home,4.28,2,1
LN0681,8882,14200,12,713,1,education,12.86,2,1
LN0682,3906,38997,36,324,29,education,4.67,3,1
LN0683,5086,30611,36,583,2,education,11.97,4,1
LN0684,15503,46235,36,748,25,business,3.57,2,0
LN0685,10152,40057,24,600,20,business,14.38,1,0
LN0686,7750,6239,36,367,24,business,11.53,0,0
LN0687,14772,43138,12,306,19,home,3.08,1,1
LN0688,12267,5125,48,436,16,business,12.17,4,1
LN0689,3062,28857,48,463,19,car,9.17,0,1
LN0690,19680,20398,60,382,21,education,12.35,1,0
LN0691,8229,11638,12,719,20,home,9.27,1,1
LN0692,18509,11570,36,372,29,education,10.69,3,0
LN0693,17147,8249,48,536,28,business,12.44,4,0
LN0694,6632,14110,12,345,0,home,7.86,3,0
LN0695,8288,45363,48,561,19,medical,3.03,0,0
LN0696,5596,18605,36,475,5,car,13.2,3,0
LN0697,13475,17115,48,465,28,business,7.57,4,0
LN0698,8168,44062,60,669,14,business,8.95,2,0
LN0699,11795,27911,60,353,25,car,3.09,2,0
LN0700,9561,43525,48,718,25,car,8.91,0,1
LN0701,10258,37556,12,806,13,medical,14.84,2,0
LN0702,18616,17595,12,640,19,business,6.34,3,0
LN0703,8371,6969,12,426,14,business,7.75,0,1
LN0704,16369,48753,48,708,13,education,11.25,4,1
LN0705,14910,22275,12,666,24,home,12.78,0,0
LN0706,9943,9470,36,570,20,home,8.01,0,0
LN0707,14199,15225,60,678,23,education,6.72,1,0
LN0708,17728,47324,36,372,24,home,14.25,1,0
LN0709,8738,46974,12,547,25,car,11.13,0,0
LN0710,17913,47759,36,342,4,home,4.43,2,1
LN0711,4472,28196,12,676,5,home,3.83,1,0
LN0712,17679,45287,48,340,16,education,8.8,4,1
LN0713,3761,18669,36,469,10,medical,5.64,3,1
LN0714,12167,42380,48,511,15,home,6.05,1,1
LN0715,12554,43006,48,792,11,home,13.53,0,0
LN0716,19260,20577,24,338,14,medical,4.07,2,1
LN0717,16277,27473,12,668,22,education,11.58,3,0
LN0718,5812,33625,60,450,3,medical,6.25,1,0
LN0719,19844,20504,12,410,26,education,12.12,2,0
LN0720,3605,29089,60,779,17,car,11.67,2,0
LN0721,7622,41487,12,735,20,education,3.09,2,1
LN0722,8767,5302,48,346,27,car,9.11,0,0
LN0723,13613,36463,36,665,2,car,4.67,4,0
LN0724,12589,49912,36,368,21,education,13.39,2,0
LN0725,15918,34259,24,598,7,business,13.46,3,0
LN0726,15046,47823,60,595,22,education,8.02,1,0
LN0727,4590,42208,60,502,2,home,8.33,3,1
LN0728,19447,35659,60,360,7,home,6.64,0,0
LN0729,6324,40840,48,613,17,business,11.6,0,0
LN0730,12787,36890,60,460,9,car,7.3,3,0
LN0731,11111,18598,36,630,24,business,6.21,4,0
LN0732,7342,24508,48,827,19,home,8.19,0,0
LN0733,18389,47287,12,637,16,business,4.1,0,0
LN0734,10659,18380,60,603,7,education,11.96,3,1
LN0735,16043,31984,60,802,22,business,3.15,0,0
LN0736,10837,49633,12,637,10,car,10.73,4,0
LN0737,2117,13125,60,849,28,education,5.19,4,0
LN0738,15917,41059,12,574,4,medical,5.79,4,1
LN0739,16309,9033,48,463,25,home,10.63,1,0
LN0740,15234,42873,36,742,12,home,14.92,4,0
LN0741,7560,22087,12,618,20,business,12.33,4,1
LN0742,2846,45901,24,803,22,education,5.71,1,0
LN0743,12954,10704,12,686,4,medical,5.11,2,0
LN0744,15703,12848,60,793,23,education,13.39,0,0
LN0745,17385,26592,48,789,26,home,8.33,4,0
LN0746,15746,11924,48,372,12,education,4.64,0,0
LN0747,8469,32208,12,808,5,medical,13.35,3,0
LN0748,11333,24614,36,689,28,business,12.79,0,0
LN0749,18608,5488,24,594,4,car,14.81,1,0
LN0750,14819,44882,48,668,8,education,13.92,0,0
LN0751,6208,30923,60,848,26,car,13.22,0,1
LN0752,8283,40941,60,486,15,home,3.63,0,1
LN0753,4048,34165,36,744,1,business,4.25,2,1
LN0754,8233,6667,48,662,0,business,9.83,2,0
LN0755,14941,31213,12,422,7,education,9.38,3,0
LN0756,14607,9114,60,487,27,business,8.5,1,0
LN0757,11765,41321,36,719,18,education,7.76,0,0
LN0758,3828,12761,48,551,29,education,8.17,0,1
LN0759,3917,36116,48,848,10,car,9.83,0,0
LN0760,8988,38768,48,634,27,business,3.02,0,0
LN0761,16594,30426,48,391,11,education,6.13,2,0
LN0762,14977,22772,48,829,11,car,9.22,3,0
LN0763,2009,43218,60,362,6,medical,11.67,4,0
LN0764,18644,8712,36,811,25,car,5.09,1,0
LN0765,11865,6367,48,438,12,car,9.56,0,0
LN0766,4219,45957,24,484,26,education,11.57,3,1
LN0767,9041,46781,24,504,7,home,8.34,4,0
LN0768,7287,31200,36,513,28,home,3.32,3,1
LN0769,3619,8726,12,555,28,home,8.39,2,1
LN0770,10512,28616,12,434,21,car,6.56,4,0
LN0771,3342,32723,12,387,27,education,14.16,3,1
LN0772,12568,42574,24,506,25,business,4.5,2,0
LN0773,16231,39958,12,428,29,car,10.83,3,1
LN0774,5490,14108,60,302,8,car,3.63,3,0
LN0775,11310,17178,48,420,6,education,8.35,4,0
LN0776,9984,40643,24,684,25,medical,9.65,2,0
LN0777,19988,36324,36,337,20,car,6.58,0,0
LN0778,14219,43360,36,640,23,medical,8.46,1,1
LN0779,2235,22824,48,320,14,medical,4.96,4,0
LN0780,12161,13927,24,541,1,home,6.65,2,0
LN0781,3908,33144,12,754,22,education,10.45,3,0
LN0782,10567,36010,12,602,19,medical,6.62,2,1
LN0783,5530,27443,60,368,24,education,13.8,1,0
LN0784,7256,19437,60,428,11,home,10.54,1,0
LN0785,10162,49298,12,495,0,education,8.26,0,0
LN0786,7415,44778,36,439,22,car,3.47,0,1
LN0787,5391,16207,36,743,21,medical,8.99,1,0
LN0788,13157,30537,60,582,7,education,12.18,4,0
LN0789,7951,40757,48,611,4,business,6.19,4,0
LN0790,10007,17040,12,834,14,education,12.68,3,1
LN0791,11064,46986,60,576,0,medical,6.02,0,0
LN0792,17524,27612,60,360,0,home,12.88,3,0
LN0793,2077,33441,12,618,24,home,4.02,0,0
LN0794,9577,11471,12,351,9,medical,13.39,1,1
LN0795,18984,40631,36,452,21,car,8.99,4,1
LN0796,16060,48461,48,610,9,car,6.56,4,0
LN0797,19449,31523,48,843,20,home,6.18,1,0
LN0798,12535,36348,12,688,14,home,8.18,3,0
LN0799,11510,6177,24,847,16,medical,14.99,3,0
LN0800,8943,9760,60,476,21,car,5.64,2,0
LN0801,13954,37779,60,661,5,home,4.24,0,0
LN0802,9804,26636,12,613,2,car,10.02,3,0
LN0803,8565,21353,24,396,12,home,8.86,1,1
LN0804,7984,16556,36,512,15,education,9.29,3,0
LN0805,6670,32598,12,436,7,business,11.0,4,0
LN0806,11184,16563,12,305,29,education,6.21,0,0
LN0807,4192,48790,60,408,14,home,13.93,2,0
LN0808,3248,13234,12,846,16,business,8.23,0,0
LN0809,13246,30519,12,338,16,business,4.55,4,0
LN0810,14790,31966,12,724,21,home,11.91,4,0
LN0811,5687,21173,60,560,25,home,10.72,4,1
LN0812,6018,31987,36,725,12,car,6.79,4,1
LN0813,13302,18178,36,386,16,home,10.46,1,0
LN0814,3970,44338,12,764,5,medical,5.64,2,0
LN0815,10389,29596,60,375,16,home,8.34,4,0
LN0816,19586,38174,36,770,15,medical,13.79,4,0
LN0817,17374,46974,36,713,13,home,4.6,3,0
LN0818,7788,9431,36,756,12,car,7.64,2,1
LN0819,7408,32764,60,584,5,medical,12.85,0,1
LN0820,11446,26627,60,538,2,education,14.63,2,1
LN0821,2922,44310,12,671,13,medical,8.45,2,0
LN0822,2419,13906,48,794,13,car,9.08,2,1
LN0823,12789,41914,36,344,14,medical,9.87,4,1
LN0824,3120,49814,48,700,7,home,14.19,4,0
LN0825,13260,18076,60,546,28,home,13.3,1,0
LN0826,19334,42650,60,749,14,car,5.05,0,1
LN0827,4336,11012,60,784,21,business,8.24,3,0
LN0828,7373,12151,48,317,28,home,8.57,2,0
LN0829,4243,33211,60,588,26,education,12.47,0,0
LN0830,6612,32117,12,713,12,car,10.23,0,0
LN0831,15946,41378,60,534,16,medical,10.85,1,0
LN0832,13104,47652,24,715,20,medical,14.98,3,1
LN0833,15429,11894,48,798,23,education,3.9,2,0
LN0834,8371,18467,24,414,2,home,5.68,3,0
LN0835,8359,36010,60,533,27,car,7.89,1,0
LN0836,9863,47641,12,839,5,education,7.17,4,0
LN0837,5228,17289,36,310,4,home,3.26,0,0
LN0838,16382,49976,60,505,21,car,4.1,2,0
LN0839,4891,48596,12,546,25,medical,11.17,4,0
LN0840,5756,28171,48,426,16,car,13.55,1,0
LN0841,17770,39905,24,446,22,business,9.17,3,0
LN0842,18478,25829,24,417,24,car,9.47,0,0
LN0843,4674,39054,24,681,1,business,6.06,2,0
LN0844,8898,49139,48,711,25,car,12.21,4,0
LN0845,12147,34734,12,662,14,business,12.02,4,1
LN0846,2793,12052,48,808,4,medical,10.06,0,0
LN0847,4116,8654,24,436,25,home,5.55,3,0
LN0848,7779,28486,60,474,19,business,4.16,1,0
LN0849,14298,23743,36,588,5,business,3.77,3,0
LN0850,16153,29489,48,780,5,medical,10.11,3,1
LN0851,13111,13636,48,318,26,business,12.9,3,0
LN0852,12789,11441,12,494,17,education,13.3,0,0
LN0853,13397,29611,12,629,17,medical,8.56,0,0
LN0854,14999,47435,48,474,3,education,12.41,1,0
LN0855,2814,17149,24,748,16,medical,14.36,3,1
LN0856,18729,39566,36,653,24,business,6.3,0,0
LN0857,12541,47368,12,798,13,education,7.78,1,0
LN0858,4443,26675,24,440,13,business,14.18,1,0
LN0859,12457,10495,60,392,12,medical,7.06,3,0
LN0860,12380,47668,12,538,6,business,13.97,2,1
LN0861,9783,18673,24,504,11,education,14.77,3,0
LN0862,13473,16130,24,732,22,education,10.94,2,0
LN0863,19368,27668,36,544,14,business,12.8,1,0
LN0864,17328,20222,36,616,18,car,11.99,0,0
LN0865,2827,28669,60,594,10,medical,11.39,4,0
LN0866,9147,39068,24,581,14,medical,6.68,1,0
LN0867,6451,28253,24,316,11,business,3.69,0,0
LN0868,17343,14435,36,370,2,car,7.12,1,0
LN0869,15635,33552,12,568,16,education,11.0,3,0
LN0870,7959,42384,12,624,2,home,4.23,2,1
LN0871,2126,21393,48,604,18,home,3.14,1,0
LN0872,10795,15617,36,750,19,business,4.68,0,0
LN0873,13641,43520,48,306,3,car,11.59,3,0
LN0874,9196,14852,36,613,2,car,14.67,4,0
LN0875,13559,36401,60,402,25,medical,14.8,3,0
LN0876,5368,11295,24,492,15,education,8.93,2,1
LN0877,5797,40993,60,828,11,car,13.43,3,0
LN0878,17114,39084,36,470,7,home,11.84,4,0
LN0879,15718,44575,24,836,23,education,9.01,0,0
LN0880,3792,41451,12,550,28,education,9.87,1,0
LN0881,13053,12227,12,686,28,business,4.65,2,0
LN0882,5476,36910,48,506,16,car,14.25,4,1
LN0883,5417,41041,36,840,6,business,7.22,2,0
LN0884,3645,28384,36,715,10,car,8.35,3,0
LN0885,16755,5145,12,679,17,medical,11.06,2,0
LN0886,5072,42778,60,443,0,business,7.01,4,0
LN0887,3854,21035,24,324,2,business,6.05,1,0
LN0888,6662,8040,60,372,3,home,10.57,1,0
LN0889,8514,47422,60,392,12,business,3.3,2,0
LN0890,4708,31160,12,804,5,car,11.65,0,0
LN0891,13694,22633,12,635,25,home,9.17,2,0
LN0892,11524,34344,12,724,13,business,10.27,3,0
LN0893,8456,22014,48,798,4,business,10.58,1,0
LN0894,6212,19996,60,663,15,medical,9.32,1,0
LN0895,15224,46621,36,498,14,business,9.99,1,0
LN0896,9970,16695,24,712,14,education,11.21,0,0
LN0897,18920,7852,48,638,29,home,12.04,0,0
LN0898,3625,21014,36,728,3,education,11.73,4,1
LN0899,12314,32042,60,438,7,home,13.44,2,0
LN0900,9973,38755,12,841,26,medical,5.27,2,0
LN0901,10577,45390,60,356,15,business,7.81,3,0
LN0902,10070,28711,24,531,27,business,14.37,1,0
LN0903,10666,31122,48,734,15,business,7.76,0,0
LN0904,5600,14160,48,683,29,home,4.5,3,0
LN0905,8783,32213,24,493,3,business,9.31,3,0
LN0906,15226,44420,36,833,12,education,4.31,0,0
LN0907,11146,12421,36,817,25,business,5.43,2,0
LN0908,6971,26400,48,484,27,medical,14.98,1,1
LN0909,15490,38537,48,591,12,education,9.5,2,0
LN0910,19589,22727,12,634,1,business,6.41,3,0
LN0911,14951,9358,36,415,2,business,14.94,1,0
LN0912,14312,33482,24,348,21,car,14.6,4,0
LN0913,3990,37117,36,381,7,home,8.29,3,0
LN0914,7299,28164,12,632,23,education,6.12,2,0
LN0915,14997,36910,48,634,14,car,13.06,2,0
LN0916,15472,37496,48,831,10,medical,11.59,2,0
LN0917,6380,49311,12,520,8,home,11.24,0,1
LN0918,6757,34371,24,622,6,education,13.72,3,1
LN0919,12395,43467,48,302,12,business,11.27,1,0
LN0920,18241,22625,60,505,1,education,6.41,2,0
LN0921,7588,38893,48,339,7,business,11.33,2,0
LN0922,19350,15793,60,358,6,home,6.67,0,0
LN0923,6944,36007,12,806,23,business,12.11,1,0
LN0924,15395,30766,12,421,11,medical,10.44,3,0
LN0925,19072,44532,48,778,18,business,3.93,4,1
LN0926,6243,17323,36,395,6,medical,9.15,0,0
LN0927,11916,12843,60,713,9,home,7.12,3,0
LN0928,11984,19210,24,534,28,home,6.94,4,0
LN0929,3759,21456,48,361,24,education,10.23,2,1
LN0930,11181,36367,24,555,15,medical,6.87,2,0
LN0931,4482,15106,48,647,2,medical,12.32,1,0
LN0932,2951,42957,36,423,29,car,3.85,4,0
LN0933,4079,7472,36,781,9,car,10.92,2,1
LN0934,4717,11704,36,616,5,car,12.71,2,0
LN0935,11692,8713,36,803,17,business,11.07,1,1
LN0936,9311,10051,12,347,17,car,8.97,3,0
LN0937,2768,15756,12,708,4,medical,14.4,2,0
LN0938,7490,7475,60,435,20,business,6.6,0,0
LN0939,17534,41378,24,500,28,home,3.23,0,0
LN0940,8645,9255,48,549,6,education,8.18,3,0
LN0941,7232,19484,48,613,27,car,3.4,4,1
LN0942,13485,39503,12,667,1,home,14.45,1,0
LN0943,7797,13258,48,728,10,medical,5.52,0,0
LN0944,14342,45747,12,779,29,education,12.47,0,0
LN0945,10038,40196,60,613,12,home,12.29,3,0
LN0946,18002,45194,24,799,22,education,5.61,4,0
LN0947,15087,13533,60,654,4,car,10.45,4,0
LN0948,6873,37581,36,784,29,medical,3.58,3,0
LN0949,3481,10249,36,510,5,education,8.8,0,0
LN0950,12093,24201,36,343,23,home,3.18,1,1
LN0951,16422,14686,60,840,25,car,14.05,0,0
LN0952,18438,37007,48,391,28,car,14.71,4,1
LN0953,9643,5661,24,564,13,home,5.67,0,0
LN0954,17708,49843,36,519,11,home,5.5,1,0
LN0955,13271,35137,36,741,3,education,12.04,2,0
LN0956,19216,47828,36,700,28,business,6.04,0,0
LN0957,14600,15526,24,699,22,car,13.74,3,1
LN0958,12998,8374,36,789,5,education,9.89,2,0
LN0959,16295,30592,24,784,9,home,7.21,3,0
LN0960,12682,33982,36,769,17,education,12.99,3,1
LN0961,18380,5207,60,744,14,home,8.92,3,0
LN0962,10519,40433,60,568,7,medical,13.94,0,0
LN0963,5300,28197,24,566,25,home,14.14,4,0
LN0964,8722,38400,60,353,8,home,4.99,2,1
LN0965,9218,8083,24,827,4,home,3.03,1,0
LN0966,5054,34328,60,819,9,business,14.81,4,0
LN0967,15575,47891,60,358,19,home,13.87,0,0
LN0968,9970,25103,24,339,5,car,3.67,3,1
LN0969,4143,44891,48,536,15,car,13.0,1,0
LN0970,11503,15754,60,685,23,education,8.49,2,0
LN0971,17149,39447,36,599,26,business,6.11,4,0
LN0972,14175,20901,48,694,2,education,13.54,4,1
LN0973,10356,38004,24,506,9,car,5.36,1,1
LN0974,17070,12446,48,635,10,car,14.37,0,1
LN0975,2822,42211,12,813,10,medical,5.47,2,0
LN0976,19327,34301,12,477,16,home,10.36,1,0
LN0977,16289,31116,60,695,3,car,5.68,3,0
LN0978,8150,46323,60,670,3,education,9.55,2,1
LN0979,6425,23752,36,617,16,education,11.21,4,0
LN0980,18032,37376,48,668,8,home,5.28,1,0
LN0981,4198,21669,12,683,18,home,9.25,4,1
LN0982,5452,37916,60,361,4,medical,8.63,4,0
LN0983,11106,18395,48,804,21,business,3.85,4,0
LN0984,15859,25421,60,538,23,education,12.82,0,0
LN0985,19692,31342,60,494,5,home,7.03,4,0
LN0986,10705,9895,12,521,2,education,9.89,3,1
LN0987,12112,16023,12,360,21,home,9.18,3,0
LN0988,6841,15699,60,428,0,car,9.16,2,0
LN0989,17358,14715,24,455,19,education,4.29,4,0
LN0990,3409,24169,60,677,21,car,8.08,4,0
LN0991,6566,21163,60,736,15,education,8.43,1,0
LN0992,13382,10782,36,506,22,business,11.8,0,0
LN0993,19939,27641,36,687,10,medical,13.08,2,0
LN0994,16596,23792,36,779,12,car,9.54,4,0
LN0995,2804,40585,24,639,26,home,4.04,1,0
LN0996,15221,35682,24,639,9,business,5.84,0,0
LN0997,3279,23880,60,503,2,education,4.98,2,1
LN0998,15192,43067,36,460,8,car,4.5,2,1
LN0999,9083,47685,24,839,27,education,7.39,4,1
LN1000,13093,23073,12,691,11,education,5.75,2,0
